﻿{"cameraMode":{"drawMode":0,"name":"Shaded","section":"Shading Mode"},"sceneLighting":true,"audioPlay":false,"sceneViewState":{"showFog":false,"showMaterialUpdate":false,"showSkybox":false,"showFlares":false,"showImageEffects":false,"showParticleSystems":false},"in2DMode":false,"pivot":{"x":281.2010498046875,"y":330.3881530761719,"z":-42.62110900878906},"rotation":{"x":-0.5421673655509949,"y":-0.0022942733485251667,"z":0.0014815663453191519,"w":-0.8402661085128784},"size":416.01678466796877,"orthographic":false}